the,1141
and,964
to,737
of,667
i,567
you,546
a,531
my,513
hamlet,461
in,436
it,416
that,389
is,340
not,313
lord,310
his,296
this,296
but,270
with,267
for,248
your,242
me,233
be,226
as,221
he,216
what,204
him,197
king,194
so,194
have,179
will,169
horatio,157
do,151
no,142
we,140
are,131
on,126
o,122
all,120
claudius,120
polonius,119
our,118
queen,118
by,117
shall,114
if,113
or,112
good,109
come,106
laertes,105
thou,103
they,103
now,98
more,96
let,95
from,95
gertrude,95
her,91
how,90
at,87
thy,87
ophelia,86
most,82
was,82
like,80
would,79
well,78
there,77
rosencrantz,76
sir,75
them,74
know,74
tis,73
may,70
go,70
us,68
love,67
did,65
first,65
enter,64
then,64
which,64
very,64
guildenstern,64
speak,63
hath,62
why,60
must,60
thee,58
give,58
should,58
their,57
make,56
where,56
an,56
i'll,56
upon,55
say,54
when,54
such,54
some,54
here,54
out,54
am,53
man,52
than,51
too,51
much,50
father,50
these,48
think,47
one,47
clown,47
marcellus,46
see,46
she,46
had,45
yet,44
heaven,43
time,43
tell,43
who,41
thus,41
exit,40
play,39
up,38
ay,38
mother,38
own,37
death,37
nor,37
night,36
take,36
look,36
mine,36
can,36
exeunt,36
soul,34
hear,33
dead,33
again,32
god,32
might,32
life,32
could,32
whose,31
indeed,31
into,31
osric,31
bernardo,30
nothing,30
made,30
ghost,30
pray,30
heart,29
hold,29
dear,29
down,28
been,28
cannot,28
leave,28
within,28
were,28
doth,27
nature,27
matter,27
nay,26
great,26
both,26
never,26
thing,25
part,25
away,25
does,25
head,25
sweet,25
comes,24
even,24
world,24
earth,24
though,24
itself,24
put,24
scene,23
eyes,23
against,23
two,23
true,23
second,23
seen,22
show,22
set,22
madness,22
before,21
off,21
fair,21
day,21
fortinbras,21
those,21
done,21
himself,21
follow,21
call,21
mad,21
friends,20
fear,20
denmark,20
without,20
old,20
son,20
till,20
poor,20
means,20
words,20
players,20
player,20
england,20
act,19
once,19
believe,19
hand,19
blood,19
still,19
gentleman,19
little,18
about,18
father's,18
keep,18
many,18
makes,18
there's,18
reynaldo,18
long,17
farewell,17
welcome,17
art,17
is't,17
young,17
any,17
find,17
thoughts,17
noble,17
body,17
ear,17
else,17
end,17
cause,17
has,16
that's,16
question,16
majesty,16
hast,16
use,16
faith,16
youth,16
marry,16
speech,16
since,16
another,16
sword,16
stand,15
yourself,15
live,15
watch,15
therefore,15
last,15
state,15
other,15
eye,15
tongue,15
said,15
between,15
rest,15
sings,15
answer,14
ho,14
mark,14
gone,14
heard,14
spirit,14
room,14
bear,14
grief,14
better,14
reason,14
drink,14
after,14
murder,14
lady,14
dost,14
castle,13
form,13
ere,13
grace,13
ever,13
o'er,13
duty,13
ourselves,13
thine,13
friend,13
sense,13
none,13
virtue,13
daughter,13
sent,13
haste,12
awhile,12
same,12
myself,12
together,12
something,12
norway,12
goes,12
fire,12
voice,12
oft,12
being,12
air,12
further,12
what's,12
aside,12
kind,12
madam,12
mind,12
remember,12
we'll,12
saw,12
word,12
hands,12
while,12
sleep,12
please,12
bring,12
fit,12
revenge,12
grave,12
purpose,12
bed,11
honest,11
to-night,11
stay,11
thought,11
full,11
e'en,11
far,11
business,11
things,11
doubt,11
best,11
face,11
gentlemen,11
each,11
foul,11
deed,11
way,11
wind,11
mean,11
men,11
villain,11
right,11
help,11
passion,11
thousand,11
fortune,11
francisco,10
thanks,10
ground,10
ears,10
peace,10
work,10
almost,10
takes,10
let's,10
memory,10
twere,10
news,10
alone,10
seem,10
excellent,10
name,10
hell,10
honour,10
every,10
neither,10
given,10
free,10
phrase,10
command,10
alas,10
aught,10
he's,10
swear,10
ha,10
fine,10
pyrrhus,10
lie,10
skull,10
get,9
place,9
sight,9
strange,9
fell,9
in't,9
through,9
walk,9
do't,9
late,9
brother,9
uncle,9
came,9
seek,9
breath,9
heavens,9
arms,9
near,9
judgment,9
light,9
custom,9
action,9
draw,9
wilt,9
sure,9
offence,9
fellow,9
hither,9
lay,9
age,9
three,9
thank,9
prince,9
behind,9
fall,9
devil,9
captain,9
hour,8
meet,8
says,8
sit,8
break,8
looks,8
charge,8
pale,8
on't,8
particular,8
known,8
lost,8
sun,8
soft,8
re-enter,8
power,8
voltimand,8
attendants,8
woe,8
joy,8
wife,8
less,8
black,8
truly,8
back,8
desire,8
king's,8
lordship,8
fashion,8
grow,8
service,8
shame,8
t,8
times,8
,8
here's,8
music,8
falls,8
hamlet's,8
hope,8
gave,8
quick,8
conscience,8
noise,8
husband,8
dies,8
march,7
law,7
list,7
unto,7
coming,7
whether,7
wherein,7
wholesome,7
loves,7
brother's,7
whole,7
beg,7
beseech,7
dust,7
common,7
shows,7
obey,7
rank,7
woman,7
tears,7
top,7
shot,7
enough,7
effect,7
understand,7
fool,7
to't,7
general,7
adieu,7
needs,7
soldiers,7
receive,7
gives,7
loved,7
others,7
bloody,7
turn,7
letters,7
elsinore,6
struck,6
cold,6
bid,6
dane,6
star,6
buried,6
cast,6
toward,6
seal'd,6
stood,6
hot,6
prologue,6
sound,6
cock,6
wrong,6
guilty,6
sea,6
truth,6
season,6
gracious,6
ii,6
cornelius,6
sorrow,6
sister,6
dream,6
writ,6
wouldst,6
mouth,6
confess,6
pardon,6
die,6
seems,6
fie,6
note,6
lose,6
health,6
ah,6
beast,6
discourse,6
wicked,6
mother's,6
forth,6
beard,6
fare,6
withal,6
choice,6
wisdom,6
maid,6
beauty,6
lies,6
double,6
dull,6
false,6
circumstance,6
shape,6
brain,6
desperate,6
days,6
fat,6
crown,6
wit,6
court,6
damned,6
already,6
lack,6
touch,6
move,6
brought,6
whom,6
pass,6
home,6
reads,6
round,6
herself,6
try,6
either,6
bad,6
ambition,6
bodies,6
laugh,6
yours,6
heavy,6
speaks,6
begin,6
anon,6
proof,6
dangerous,6
christian,6
feed,6
danish,6
poison,6
slain,6
laid,6
wager,6
foils,6
water,6
platform,5
twelve,5
quiet,5
course,5
figure,5
warlike,5
thyself,5
land,5
terms,5
motive,5
stands,5
spirits,5
trumpet,5
gainst,5
stir,5
impart,5
morning,5
kingdom,5
marriage,5
told,5
dread,5
return,5
france,5
hard,5
colour,5
visage,5
bound,5
fault,5
throw,5
gentle,5
flesh,5
visit,5
disposition,5
report,5
teach,5
point,5
knew,5
yes,5
countenance,5
longer,5
perchance,5
house,5
perhaps,5
safety,5
danger,5
moon,5
blessing,5
man's,5
humbly,5
audience,5
vows,5
flourish,5
keeps,5
choose,5
fortune's,5
damn'd,5
souls,5
base,5
puts,5
beneath,5
hearing,5
shalt,5
fast,5
gifts,5
went,5
natural,5
brief,5
holds,5
sudden,5
vile,5
table,5
knave,5
mercy,5
liberty,5
mass,5
in's,5
closet,5
arm,5
ecstasy,5
hide,5
found,5
whereon,5
commission,5
read,5
rather,5
ill,5
c,5
short,5
arras,5
presently,5
honesty,5
save,5
ye,5
prison,5
cry,5
dare,5
sing,5
themselves,5
brains,5
twas,5
only,5
french,5
fly,5
treason,5
conceit,5
drown,5
nunnery,5
eat,5
patience,5
half,5
year,5
forgot,5
kill'd,5
door,5
next,5
messenger,5
drown'd,5
alexander,5
woo't,5
carriages,5
hit,5
sick,4
piece,4
twice,4
twill,4
sometimes,4
cannon,4
image,4
lands,4
return'd,4
strong,4
main,4
high,4
stars,4
ease,4
treasure,4
stop,4
violence,4
throat,4
herein,4
dumb,4
consent,4
brow,4
discretion,4
remembrance,4
funeral,4
freely,4
affair,4
follows,4
thinking,4
frame,4
giving,4
commend,4
native,4
favour,4
cousin,4
clouds,4
hang,4
lives,4
died,4
wittenberg,4
sits,4
grows,4
months,4
grown,4
month,4
speed,4
incestuous,4
glad,4
forget,4
servant,4
change,4
deep,4
mock,4
thrift,4
thrice,4
length,4
whilst,4
kept,4
methought,4
motion,4
honour'd,4
warrant,4
assume,4
person,4
silence,4
iii,4
wide,4
affection,4
occasion,4
entertainment,4
censure,4
habit,4
above,4
tend,4
pay,4
tender,4
heat,4
leisure,4
iv,4
infinite,4
bones,4
horrible,4
cries,4
imagination,4
direct,4
lead,4
pity,4
lend,4
certain,4
tale,4
didst,4
unnatural,4
sleeping,4
angel,4
methinks,4
cursed,4
instant,4
bosom,4
yea,4
commandment,4
secret,4
wild,4
sorry,4
seeing,4
need,4
fingers,4
drift,4
breathe,4
closes,4
consequence,4
wi,4
took,4
sigh,4
over,4
violent,4
property,4
under,4
meant,4
sith,4
ambassadors,4
polack,4
sends,4
white,4
fain,4
thence,4
four,4
ten,4
except,4
quality,4
argument,4
possible,4
twenty,4
lest,4
ass,4
straight,4
modesty,4
cunning,4
priam,4
pause,4
prithee,4
sleeps,4
hecuba,4
mortal,4
to-morrow,4
slave,4
weep,4
calls,4
pate,4
bestow,4
blame,4
snow,4
rose,4
quite,4
wretched,4
send,4
hall,4
quantity,4
ready,4
wear,4
kill,4
imports,4
shortly,4
begun,4
hence,4
weeds,4
lights,4
stronger,4
whereto,4
pleasure,4
danes,4
wits,4
bore,4
practise,4
burial,4
spade,4
priest,4
six,4
cup,4
unfold,3
bitter,3
guard,3
appear'd,3
fantasy,3
touching,3
along,3
appear,3
story,3
nights,3
beating,3
wonder,3
offended,3
armour,3
ambitious,3
gross,3
scope,3
knows,3
subject,3
sore,3
recover,3
chief,3
sort,3
armed,3
doomsday,3
lo,3
avoid,3
offer,3
morn,3
present,3
birth,3
dew,3
hill,3
advice,3
wisest,3
delight,3
worth,3
importing,3
ourself,3
hears,3
heartily,3
suit,3
loose,3
bend,3
bow,3
slow,3
passing,3
suits,3
solemn,3
forms,3
shapes,3
understanding,3
theme,3
cried,3
corse,3
cheer,3
courtier,3
loving,3
smiling,3
rouse,3
fix'd,3
flat,3
uses,3
winds,3
hercules,3
salt,3
left,3
enemy,3
goodly,3
admiration,3
god's,3
appears,3
dreadful,3
secrecy,3
third,3
loud,3
sirs,3
foot,3
look'd,3
stay'd,3
men's,3
inward,3
chaste,3
spring,3
aboard,3
shoulder,3
sail,3
few,3
steel,3
purse,3
fancy,3
rich,3
generous,3
edge,3
canst,3
tenders,3
ta'en,3
honourable,3
presence,3
mere,3
pious,3
ways,3
wont,3
trumpets,3
ordnance,3
born,3
addition,3
pith,3
complexion,3
livery,3
pure,3
corruption,3
angels,3
defend,3
royal,3
burst,3
ignorance,3
making,3
wherefore,3
waves,3
fee,3
tempt,3
ruled,3
lets,3
v,3
crimes,3
start,3
process,3
wretch,3
stole,3
distracted,3
past,3
i'm,3
sworn,3
boy,3
you'll,3
ne'er,3
saint,3
wondrous,3
express,3
wanton,3
gaming,3
faults,3
fiery,3
country,3
observe,3
hat,3
piteous,3
turn'd,3
doors,3
close,3
entreat,3
vouchsafe,3
gather,3
profit,3
visitation,3
sovereign,3
bent,3
liege,3
feast,3
distemper,3
desires,3
borne,3
assay,3
likes,3
outward,3
foolish,3
remains,3
faithful,3
received,3
prove,3
idle,3
mistress,3
otherwise,3
encounter,3
rogue,3
thick,3
hits,3
indifferent,3
children,3
happy,3
parts,3
denmark's,3
count,3
dreams,3
shadow,3
beggar,3
justly,3
confession,3
brave,3
golden,3
delights,3
stuff,3
rapiers,3
sides,3
nation,3
unless,3
carry,3
ducats,3
ceremony,3
actor,3
jephthah,3
judge,3
hadst,3
five,3
masters,3
judgments,3
lines,3
horse,3
finds,3
rage,3
seeming,3
blow,3
stick,3
bold,3
below,3
gods,3
wheel,3
mobled,3
sport,3
gonzago,3
dozen,3
force,3
stage,3
ignorant,3
swounds,3
creatures,3
organ,3
order,3
content,3
accident,3
unseen,3
affliction,3
suffers,3
wish,3
withdraw,3
suffer,3
proud,3
patient,3
fellows,3
powers,3
ladies,3
placed,3
tear,3
tame,3
special,3
election,3
pipe,3
guilt,3
neck,3
flowers,3
leaves,3
kisses,3
counsel,3
thirty,3
wed,3
jest,3
lucianus,3
worse,3
murderer,3
estate,3
recorders,3
heels,3
skill,3
pluck,3
bless,3
prepare,3
repent,3
revenged,3
rat,3
rash,3
seal,3
mountain,3
was't,3
feeling,3
vice,3
alack,3
rapier,3
sponge,3
dry,3
worm,3
poland,3
gain,3
trick,3
fight,3
tricks,3
tongues,3
incensed,3
pit,3
nonny,3
becomes,3
sailors,3
excellence,3
argal,3
gallows,3
clay,3
liest,3
years,3
nine,3
hangers,3
trial,3
win,3
odds,3
poison'd,3
post,2
who's,2
mouse,2
soldier,2
relieved,2
apparition,2
approve,2
tush,2
pole,2
burns,2
bell,2
spoke,2
tremble,2
sensible,2
ice,2
jump,2
strict,2
war,2
divide,2
inform,2
least,2
valiant,2
side,2
heraldry,2
article,2
lawless,2
food,2
diet,2
enterprise,2
source,2
wars,2
trouble,2
mind's,2
rome,2
julius,2
graves,2
roman,2
streets,2
trains,2
neptune's,2
empire,2
fates,2
blast,2
fate,2
happily,2
strike,2
majestical,2
blows,2
malicious,2
crew,2
awake,2
confine,2
bird,2
walks,2
needful,2
lords,2
green,2
hearts,2
sometime,2
mirth,2
equal,2
scale,2
taken,2
weak,2
meeting,2
nephew's,2
suppress,2
gait,2
levies,2
dispatch,2
bearers,2
asking,2
throne,2
willingly,2
graces,2
kin,2
know'st,2
forced,2
havior,2
actions,2
obligation,2
term,2
vulgar,2
opposition,2
absurd,2
fathers,2
to-day,2
immediate,2
dearest,2
bears,2
intent,2
going,2
remain,2
prayers,2
reply,2
whereof,2
thunder,2
melt,2
weary,2
garden,2
merely,2
roughly,2
fed,2
shoes,2
follow'd,2
wants,2
galled,2
married,2
truant,2
baked,2
coldly,2
foe,2
deliver,2
witness,2
middle,2
its,2
troubles,2
arm'd,2
toe,2
red,2
hundred,2
sable,2
hitherto,2
requite,2
twixt,2
rise,2
assistant,2
toy,2
forward,2
lasting,2
perfume,2
bulk,2
waxes,2
soil,2
weigh'd,2
fits,2
weigh,2
songs,2
open,2
prodigal,2
canker,2
disclosed,2
imminent,2
wary,2
puff'd,2
precepts,2
character,2
grapple,2
palm,2
beware,2
quarrel,2
opposed,2
proclaims,2
station,2
servants,2
lock'd,2
baby,2
dearly,2
holy,2
catch,2
maiden,2
rate,2
breathing,2
beguile,2
plain,2
moment,2
talk,2
eager,2
draws,2
held,2
rhenish,2
perform'd,2
chances,2
mole,2
origin,2
manners,2
stamp,2
defect,2
nature's,2
virtues,2
substance,2
scandal,2
charitable,2
comest,2
hideous,2
fools,2
horridly,2
shake,2
beyond,2
beckons,2
summit,2
desperation,2
roar,2
petty,2
issue,2
rotten,2
flames,2
forbid,2
hair,2
eternal,2
wings,2
swift,2
sweep,2
apt,2
shouldst,2
orchard,2
serpent,2
forged,2
sting,2
wears,2
witchcraft,2
lust,2
dignity,2
vow,2
celestial,2
secure,2
smooth,2
cut,2
sin,2
couch,2
contrive,2
sinews,2
seat,2
wipe,2
fond,2
book,2
baser,2
smile,2
hillo,2
wonderful,2
arrant,2
say'st,2
propose,2
oath,2
remove,2
philosophy,2
odd,2
doubtful,2
willing,2
lips,2
money,2
marvellous,2
wisely,2
inquire,2
behavior,2
finding,2
nearer,2
demands,2
if't,2
dishonour,2
heed,2
swearing,2
fetch,2
laying,2
working,2
having,2
assured,2
according,2
former,2
inclination,2
knees,2
profound,2
seem'd,2
helps,2
fetters,2
jealousy,2
proper,2
opinions,2
sending,2
pleasures,2
unknown,2
talk'd,2
living,2
gentry,2
majesties,2
entreaty,2
feet,2
trail,2
used,2
lunacy,2
fruit,2
sickness,2
shown,2
allowance,2
labour,2
limbs,2
obedience,2
beautified,2
numbers,2
lock,2
admit,2
weakness,2
likely,2
proved,2
pointing,2
hid,2
hours,2
lobby,2
fall'n,2
farm,2
reading,2
fishmonger,2
picked,2
breed,2
maggots,2
dog,2
extremity,2
faces,2
purging,2
method,2
pregnant,2
often,2
tedious,2
cap,2
favours,2
strumpet,2
shell,2
beggars,2
wait,2
attended,2
craft,2
rights,2
fellowship,2
prevent,2
pestilent,2
apprehension,2
tribute,2
foil,2
lungs,2
for't,2
city,2
travel,2
wonted,2
pace,2
scarce,2
thither,2
em,2
pursue,2
succession,2
lived,2
forty,2
picture,2
sblood,2
comply,2
deceived,2
child,2
prophesy,2
actors,2
buz,2
tragedy,2
comedy,2
history,2
by'r,2
ring,2
passionate,2
pleased,2
matters,2
author,2
especially,2
line,2
rugged,2
begins,2
dismal,2
seeks,2
proceed,2
spoken,2
accent,2
antique,2
rebellious,2
senseless,2
flaming,2
stoops,2
prisoner,2
painted,2
region,2
vengeance,2
sets,2
new,2
spokes,2
jig,2
run,2
diadem,2
alarm,2
caught,2
venom,2
pronounced,2
husband's,2
burning,2
epitaph,2
desert,2
scape,2
merit,2
ha't,2
peasant,2
distraction,2
horrid,2
confound,2
defeat,2
coward,2
breaks,2
plucks,2
nose,2
gall,2
treacherous,2
upon't,2
melancholy,2
potent,2
aloof,2
pastime,2
drive,2
frankly,2
exercise,2
cheek,2
arrows,2
rub,2
respect,2
whips,2
delay,2
spurns,2
unworthy,2
sweat,2
returns,2
regard,2
currents,2
re-deliver,2
wax,2
sooner,2
translate,2
relish,2
where's,2
plague,2
escape,2
wise,2
heavenly,2
glass,2
tune,2
harsh,2
feature,2
blown,2
blasted,2
demand,2
neglected,2
haply,2
variable,2
expel,2
ones,2
capable,2
overdone,2
playing,2
mirror,2
tardy,2
grieve,2
praise,2
clowns,2
necessary,2
just,2
advancement,2
rewards,2
join,2
fares,2
played,2
enact,2
caesar,2
killed,2
capital,2
lap,2
lying,2
maids,2
merry,2
cheerfully,2
sables,2
hobby-horse,2
kneels,2
asleep,2
pours,2
poisoner,2
mutes,2
lament,2
belike,2
naught,2
wash,2
distrust,2
fears,2
wormwood,2
destroy,2
joys,2
fortunes,2
enemies,2
want,2
directly,2
ours,2
ends,2
trust,2
mischance,2
twain,2
she'll,2
knavish,2
keen,2
cost,2
creature,2
collected,2
for's,2
runs,2
jove,2
choler,2
richer,2
signify,2
wildly,2
amazement,2
trade,2
deny,2
easy,2
stops,2
instrument,2
yonder,2
camel,2
weasel,2
whale,2
contagion,2
cruel,2
daggers,2
safe,2
single,2
strength,2
cease,2
mount,2
voyage,2
vantage,2
serves,2
prayer,2
pardon'd,2
serve,2
forgive,2
effects,2
shuffling,2
teeth,2
forehead,2
kills,2
broad,2
passage,2
salvation,2
sickly,2
sconce,2
wag,2
rude,2
blush,2
brothers,2
assurance,2
it's,2
step,2
difference,2
proclaim,2
burn,2
precedent,2
kings,2
precious,2
fighting,2
peep,2
flame,2
convert,2
unction,2
spread,2
ranker,2
easiness,2
scourge,2
pair,2
basket,2
ape,2
guts,2
providence,2
apart,2
mountains,2
ship,2
chapel,2
safely,2
officers,2
supper,2
eats,2
fish,2
purposes,2
awe,2
promised,2
purposed,2
patch,2
yield,2
straw,2
event,2
delicate,2
fame,2
continent,2
hearers,2
collection,2
minds,2
amiss,2
stone,2
larded,2
pretty,2
ask,2
clothes,2
beasts,2
broke,2
following,2
calm,2
divinity,2
acts,2
hey,2
dove,2
a-down,2
rue,2
violets,2
axe,2
sailor,2
ambassador,2
got,2
repair,2
knowing,2
reasons,2
she's,2
moves,2
slightly,2
mighty,2
naked,2
undertake,2
sum,2
envy,2
i've,2
served,2
norman,2
defence,2
goodness,2
church,2
chamber,2
unbated,2
chance,2
heel,2
brook,2
liberal,2
sat,2
drowned,2
wittingly,2
scripture,2
dig,2
builds,2
mason,2
shipwright,2
carpenter,2
grave-maker,2
liquor,2
employment,2
throws,2
praised,2
guest,2
fines,2
vouchers,2
recoveries,2
dirt,2
jot,2
absolute,2
card,2
strangely,2
whoreson,2
trace,2
consider,2
loam,2
rites,2
thrown,2
allow'd,2
treble,2
leaps,2
thou'lt,2
plots,2
wrote,2
view,2
quit,2
evil,2
all's,2
weapon,2
barbary,2
horses,2
imponed,2
assigns,2
wrong'd,2
hurt,2
embrace,2
exchange,2
union,2
wounds,2
bleed,2
treachery,2
carefully,1
relief,1
stirring,1
rivals,1
liegemen,1
holla,1
belief,1
dreaded,1
entreated,1
minutes,1
assail,1
fortified,1
yond,1
westward,1
illume,1
scholar,1
harrows,1
usurp'st,1
stalks,1
avouch,1
combated,1
frown'd,1
angry,1
parle,1
smote,1
sledded,1
polacks,1
martial,1
stalk,1
opinion,1
bodes,1
eruption,1
observant,1
nightly,1
toils,1
daily,1
brazen,1
foreign,1
mart,1
implements,1
impress,1
shipwrights,1
task,1
sunday,1
week,1
sweaty,1
joint-labourer,1
whisper,1
thereto,1
prick'd,1
emulate,1
pride,1
dared,1
combat,1
esteem'd,1
slay,1
compact,1
ratified,1
forfeit,1
seized,1
conqueror,1
moiety,1
competent,1
gaged,1
inheritance,1
vanquisher,1
covenant,1
carriage,1
design'd,1
unimproved,1
mettle,1
skirts,1
shark'd,1
resolutes,1
stomach,1
compulsatory,1
foresaid,1
preparations,1
post-haste,1
romage,1
portentous,1
mote,1
palmy,1
mightiest,1
tenantless,1
sheeted,1
squeak,1
gibber,1
dews,1
disasters,1
moist,1
influence,1
eclipse,1
precurse,1
fierce,1
events,1
harbingers,1
preceding,1
omen,1
demonstrated,1
climatures,1
countrymen,1
behold,1
cross,1
illusion,1
crows,1
privy,1
country's,1
foreknowing,1
uphoarded,1
extorted,1
womb,1
partisan,1
invulnerable,1
vain,1
mockery,1
started,1
fearful,1
summons,1
lofty,1
shrill-sounding,1
warning,1
extravagant,1
erring,1
hies,1
object,1
probation,1
faded,1
crowing,1
saviour's,1
celebrated,1
dawning,1
singeth,1
dares,1
abroad,1
planets,1
fairy,1
witch,1
charm,1
hallow'd,1
russet,1
mantle,1
clad,1
yon,1
eastward,1
acquaint,1
fitting,1
conveniently,1
befitted,1
contracted,1
fought,1
imperial,1
jointress,1
defeated,1
auspicious,1
dropping,1
dirge,1
weighing,1
dole,1
barr'd,1
wisdoms,1
holding,1
supposal,1
disjoint,1
colleagued,1
advantage,1
fail'd,1
pester,1
message,1
surrender,1
bonds,1
impotent,1
bed-rid,1
scarcely,1
"purpose,--to",1
lists,1
proportions,1
greeting,1
personal,1
delated,1
articles,1
allow,1
instrumental,1
whence,1
coronation,1
wishes,1
wrung,1
laboursome,1
petition,1
spend,1
nighted,1
vailed,1
lids,1
eternity,1
inky,1
cloak,1
customary,1
windy,1
suspiration,1
fruitful,1
river,1
dejected,1
moods,1
denote,1
passeth,1
trappings,1
commendable,1
mourning,1
duties,1
survivor,1
filial,1
obsequious,1
persever,1
obstinate,1
condolement,1
impious,1
stubbornness,1
unmanly,1
incorrect,1
unfortified,1
impatient,1
simple,1
unschool'd,1
peevish,1
unprevailing,1
nobility,1
school,1
retrograde,1
comfort,1
chiefest,1
unforced,1
accord,1
jocund,1
drinks,1
bruit,1
re-speaking,1
earthly,1
solid,1
thaw,1
resolve,1
everlasting,1
canon,1
self-slaughter,1
stale,1
unprofitable,1
unweeded,1
seed,1
possess,1
hyperion,1
satyr,1
beteem,1
increase,1
appetite,1
on't--frailty,1
niobe,1
tears:--why,1
mourn'd,1
longer--married,1
unrighteous,1
flushing,1
dexterity,1
sheets,1
hail,1
"horatio,--or",1
truster,1
depart,1
fellow-student,1
wedding,1
meats,1
furnish,1
tables,1
met,1
father!--methinks,1
yesternight,1
attent,1
marvel,1
vast,1
encounter'd,1
exactly,1
cap-a-pe,1
stately,1
walk'd,1
oppress'd,1
fear-surprised,1
truncheon's,1
distilled,1
jelly,1
deliver'd,1
watch'd,1
lifted,1
address,1
shrunk,1
vanish'd,1
wore,1
beaver,1
frowningly,1
anger,1
constantly,1
amazed,1
moderate,1
saw't,1
grizzled--no,1
silver'd,1
gape,1
conceal'd,1
tenable,1
whatsoever,1
hap,1
eleven,1
deeds,1
o'erwhelm,1
necessaries,1
embark'd,1
benefit,1
convoy,1
trifling,1
violet,1
primy,1
permanent,1
suppliance,1
minute,1
crescent,1
thews,1
temple,1
cautel,1
besmirch,1
greatness,1
unvalued,1
persons,1
carve,1
depends,1
circumscribed,1
yielding,1
saying,1
loss,1
sustain,1
credent,1
unmaster'd,1
importunity,1
rear,1
chariest,1
unmask,1
scapes,1
calumnious,1
strokes,1
galls,1
infants,1
buttons,1
liquid,1
contagious,1
blastments,1
rebels,1
lesson,1
watchman,1
ungracious,1
pastors,1
steep,1
thorny,1
whiles,1
reckless,1
libertine,1
primrose,1
path,1
dalliance,1
treads,1
recks,1
rede,1
smiles,1
unproportioned,1
familiar,1
adoption,1
tried,1
hoops,1
new-hatch'd,1
unfledged,1
comrade,1
entrance,1
bear't,1
reserve,1
costly,1
buy,1
express'd,1
gaudy,1
apparel,1
select,1
borrower,1
lender,1
loan,1
loses,1
borrowing,1
dulls,1
husbandry,1
ownself,1
invites,1
key,1
bethought,1
private,1
bounteous,1
caution,1
clearly,1
behoves,1
pooh,1
girl,1
unsifted,1
perilous,1
sterling,1
or--not,1
crack,1
running,1
thus--you'll,1
importuned,1
springes,1
woodcocks,1
lends,1
blazes,1
extinct,1
promise,1
a-making,1
somewhat,1
scanter,1
entreatments,1
higher,1
parley,1
larger,1
tether,1
brokers,1
dye,1
investments,1
implorators,1
unholy,1
sanctified,1
bawds,1
slander,1
bites,1
shrewdly,1
nipping,1
lacks,1
wake,1
wassail,1
swaggering,1
up-spring,1
reels,1
drains,1
draughts,1
kettle-drum,1
bray,1
triumph,1
pledge,1
manner,1
breach,1
observance,1
heavy-headed,1
revel,1
east,1
west,1
traduced,1
tax'd,1
nations,1
clepe,1
drunkards,1
swinish,1
achievements,1
height,1
marrow,1
attribute,1
vicious,1
birth--wherein,1
o'ergrowth,1
breaking,1
pales,1
forts,1
o'er-leavens,1
plausive,1
carrying,1
else--be,1
undergo,1
dram,1
eale,1
ministers,1
goblin,1
airs,1
blasts,1
intents,1
questionable,1
canonized,1
hearsed,1
cerements,1
sepulchre,1
quietly,1
inurn'd,1
oped,1
ponderous,1
marble,1
jaws,1
complete,1
revisit'st,1
glimpses,1
reaches,1
impartment,1
courteous,1
removed,1
pin's,1
immortal,1
flood,1
cliff,1
beetles,1
deprive,1
sovereignty,1
toys,1
fathoms,1
artery,1
hardy,1
nemean,1
lion's,1
nerve,1
call'd,1
unhand,1
sulphurous,1
tormenting,1
render,1
serious,1
doom'd,1
confined,1
fires,1
burnt,1
purged,1
secrets,1
prison-house,1
lightest,1
harrow,1
freeze,1
spheres,1
knotted,1
combined,1
locks,1
quills,1
fretful,1
porpentine,1
blazon,1
know't,1
meditation,1
duller,1
weed,1
roots,1
lethe,1
wharf,1
stung,1
rankly,1
abused,1
prophetic,1
adulterate,1
traitorous,1
seduce!--won,1
shameful,1
seeming-virtuous,1
falling-off,1
decline,1
moved,1
lewdness,1
radiant,1
link'd,1
sate,1
prey,1
garbage,1
scent,1
always,1
afternoon,1
juice,1
hebenon,1
vial,1
porches,1
pour,1
leperous,1
distilment,1
enmity,1
quicksilver,1
courses,1
gates,1
alleys,1
vigour,1
posset,1
curd,1
droppings,1
milk,1
thin,1
tetter,1
bark'd,1
lazar-like,1
loathsome,1
crust,1
dispatch'd,1
blossoms,1
unhousel'd,1
disappointed,1
unanel'd,1
reckoning,1
account,1
imperfections,1
luxury,1
incest,1
howsoever,1
pursuest,1
taint,1
thorns,1
lodge,1
prick,1
glow-worm,1
matin,1
gins,1
uneffectual,1
host,1
couple,1
stiffly,1
globe,1
trivial,1
records,1
saws,1
books,1
pressures,1
observation,1
copied,1
volume,1
unmix'd,1
pernicious,1
"tables,--meet",1
writing,1
reveal,1
dwelling,1
whirling,1
offend,1
patrick,1
vision,1
o'ermaster,1
scholars,1
request,1
swear't,1
truepenny,1
on--you,1
cellarage,1
hic,1
et,1
ubique,1
shift,1
worthy,1
pioner,1
stranger,1
dreamt,1
soe'er,1
hereafter,1
antic,1
encumber'd,1
headshake,1
pronouncing,1
ambiguous,1
perturbed,1
friending,1
joint,1
spite,1
notes,1
intend,1
danskers,1
paris,1
company,1
expense,1
encompassment,1
distant,1
knowledge,1
addicted,1
forgeries,1
usual,1
slips,1
companions,1
noted,1
drinking,1
fencing,1
quarrelling,1
drabbing,1
incontinency,1
meaning,1
quaintly,1
taints,1
flash,1
outbreak,1
savageness,1
unreclaimed,1
assault,1
slight,1
sullies,1
soil'd,1
party,1
converse,1
prenominate,1
this--he,1
does--what,1
yesterday,1
o'ertook,1
falling,1
tennis,1
sale,1
videlicet,1
brothel,1
bait,1
falsehood,1
carp,1
reach,1
windlasses,1
assays,1
bias,1
indirections,1
directions,1
lecture,1
ply,1
affrighted,1
sewing,1
doublet,1
unbraced,1
stockings,1
foul'd,1
ungarter'd,1
down-gyved,1
ancle,1
shirt,1
knocking,1
purport,1
loosed,1
"horrors,--he",1
wrist,1
perusal,1
shaking,1
waving,1
raised,1
shatter,1
bended,1
fordoes,1
leads,1
undertakings,1
afflict,1
natures,1
repel,1
denied,1
access,1
quoted,1
fear'd,1
trifle,1
wreck,1
beshrew,1
younger,1
hate,1
utter,1
moreover,1
provoke,1
hasty,1
transformation,1
exterior,1
resembles,1
neighbour'd,1
companies,1
glean,1
afflicts,1
open'd,1
remedy,1
adheres,1
expend,1
supply,1
commanded,1
instantly,1
changed,1
practises,1
pleasant,1
helpful,1
amen,1
joyfully,1
assure,1
hunts,1
policy,1
admittance,1
tells,1
son's,1
o'erhasty,1
sift,1
greetings,1
preparation,1
highness,1
whereat,1
grieved,1
impotence,1
falsely,1
arrests,1
obeys,1
receives,1
rebuke,1
overcome,1
crowns,1
annual,1
employ,1
levied,1
paper,1
dominions,1
regards,1
therein,1
consider'd,1
meantime,1
well-took,1
ended,1
expostulate,1
waste,1
brevity,1
tediousness,1
flourishes,1
define,1
grant,1
defective,1
remainder,1
perpend,1
daughter--have,1
surmise,1
soul's,1
idol,1
liar,1
reckon,1
groans,1
evermore,1
machine,1
solicitings,1
wing,1
perceived,1
me--what,1
play'd,1
desk,1
table-book,1
winking,1
mute,1
bespeak,1
resort,1
messengers,1
tokens,1
fruits,1
repulsed--a,1
sadness,1
lightness,1
declension,1
raves,1
mourn,1
time--i'd,1
positively,1
circumstances,1
centre,1
thereon,1
carters,1
sadly,1
board,1
god-a-mercy,1
kissing,1
"carrion,--have",1
conception,1
conceive,1
harping,1
suffered,1
slanders,1
satirical,1
grey,1
beards,1
wrinkled,1
amber,1
plum-tree,1
gum,1
plentiful,1
hams,1
powerfully,1
potently,1
crab,1
backward,1
replies,1
happiness,1
sanity,1
prosperously,1
delivered,1
suddenly,1
daughter.--my,1
honoured,1
lads,1
over-happy,1
button,1
soles,1
shoe,1
waist,1
privates,1
world's,1
deserved,1
confines,1
wards,1
dungeons,1
worst,1
narrow,1
bounded,1
nut,1
space,1
airy,1
shadow's,1
monarchs,1
outstretched,1
heroes,1
shadows,1
fay,1
dreadfully,1
beaten,1
friendship,1
halfpenny,1
inclining,1
deal,1
modesties,1
conjure,1
consonancy,1
ever-preserved,1
proposer,1
you.--if,1
anticipation,1
discovery,1
moult,1
feather,1
late--but,1
not--lost,1
forgone,1
exercises,1
heavily,1
sterile,1
promontory,1
canopy,1
o'erhanging,1
firmament,1
roof,1
fretted,1
congregation,1
vapours,1
faculty,1
moving,1
admirable,1
paragon,1
animals,1
quintessence,1
lenten,1
coted,1
plays,1
adventurous,1
knight,1
target,1
lover,1
gratis,1
humourous,1
tickled,1
sere,1
blank,1
verse,1
halt,1
tragedians,1
residence,1
reputation,1
inhibition,1
innovation,1
estimation,1
followed,1
rusty,1
endeavour,1
aery,1
eyases,1
tyrannically,1
clapped,1
berattle,1
stages--so,1
them--that,1
wearing,1
afraid,1
goose-quills,1
maintains,1
escoted,1
afterwards,1
players--as,1
better--their,1
writers,1
exclaim,1
tarre,1
controversy,1
poet,1
cuffs,1
throwing,1
boys,1
load,1
mows,1
fifty,1
a-piece,1
appurtenance,1
garb,1
extent,1
fairly,1
uncle-father,1
aunt-mother,1
north-north-west,1
southerly,1
hawk,1
handsaw,1
hark,1
hearer,1
swaddling-clouts,1
monday,1
roscius,1
pastoral,1
pastoral-comical,1
historical-pastoral,1
tragical-historical,1
tragical,1
comical-historical-pastoral,1
individable,1
poem,1
unlimited,1
seneca,1
plautus,1
israel,1
lot,1
wot,1
row,1
chanson,1
abridgement,1
valenced,1
ladyship,1
altitude,1
chopine,1
apiece,1
uncurrent,1
gold,1
cracked,1
falconers,1
taste,1
acted,1
million,1
caviare,1
was--as,1
mine--an,1
digested,1
scenes,1
sallets,1
savoury,1
indict,1
affectation,1
called,1
handsome,1
chiefly,1
aeneas,1
dido,1
thereabout,1
priam's,1
slaughter,1
hyrcanian,1
so:--it,1
resemble,1
couched,1
ominous,1
smear'd,1
total,1
gules,1
trick'd,1
mothers,1
daughters,1
sons,1
impasted,1
parching,1
tyrannous,1
lord's,1
roasted,1
wrath,1
o'er-sized,1
coagulate,1
gore,1
carbuncles,1
hellish,1
grandsire,1
fore,1
striking,1
greeks,1
repugnant,1
unequal,1
match'd,1
drives,1
strikes,1
whiff,1
unnerved,1
ilium,1
feel,1
crash,1
declining,1
milky,1
reverend,1
tyrant,1
neutral,1
storm,1
rack,1
speechless,1
orb,1
hush,1
rend,1
aroused,1
a-work,1
cyclops,1
hammers,1
mars's,1
eterne,1
remorse,1
bleeding,1
synod,1
fellies,1
bowl,1
nave,1
low,1
fiends,1
barber's,1
bawdry,1
barefoot,1
threatening,1
bisson,1
rheum,1
clout,1
robe,1
lank,1
o'er-teemed,1
loins,1
blanket,1
steep'd,1
mincing,1
clamour,1
milch,1
turned,1
soon,1
bestowed,1
abstract,1
chronicles,1
bodykins,1
whipping,1
deserve,1
bounty,1
study,1
sixteen,1
insert,1
monstrous,1
fiction,1
wann'd,1
aspect,1
broken,1
function,1
suiting,1
cue,1
cleave,1
appal,1
amaze,1
faculties,1
muddy-mettled,1
rascal,1
peak,1
john-a-dreams,1
unpregnant,1
across,1
tweaks,1
pigeon-liver'd,1
oppression,1
fatted,1
kites,1
slave's,1
offal,1
bawdy,1
remorseless,1
lecherous,1
kindless,1
murder'd,1
prompted,1
whore,1
unpack,1
a-cursing,1
drab,1
scullion,1
foh,1
sitting,1
proclaim'd,1
malefactions,1
miraculous,1
tent,1
blench,1
pleasing,1
abuses,1
damn,1
grounds,1
relative,1
s,1
confusion,1
grating,1
harshly,1
turbulent,1
feels,1
sounded,1
crafty,1
forcing,1
niggard,1
o'er-raught,1
beseech'd,1
inclined,1
closely,1
affront,1
lawful,1
espials,1
behaved,1
beauties,1
wildness,1
honours,1
loneliness,1
proved--that,1
devotion's,1
sugar,1
smart,1
lash,1
harlot's,1
beautied,1
plastering,1
ugly,1
burthen,1
nobler,1
slings,1
outrageous,1
opposing,1
heart-ache,1
shocks,1
heir,1
consummation,1
devoutly,1
wish'd,1
shuffled,1
coil,1
calamity,1
scorns,1
oppressor's,1
contumely,1
pangs,1
despised,1
law's,1
insolence,1
office,1
quietus,1
bare,1
bodkin,1
fardels,1
grunt,1
undiscover'd,1
bourn,1
traveller,1
puzzles,1
ills,1
cowards,1
hue,1
resolution,1
sicklied,1
enterprises,1
awry,1
action.--soft,1
nymph,1
orisons,1
sins,1
remember'd,1
remembrances,1
longed,1
composed,1
givers,1
unkind,1
commerce,1
transform,1
bawd,1
likeness,1
paradox,1
believed,1
inoculate,1
stock,1
breeder,1
sinners,1
accuse,1
revengeful,1
offences,1
beck,1
crawling,1
knaves,1
shut,1
dowry,1
calumny,1
monsters,1
quickly,1
restore,1
paintings,1
yourselves,1
amble,1
lisp,1
nick-name,1
wantonness,1
marriages,1
o'erthrown,1
courtier's,1
soldier's,1
scholar's,1
expectancy,1
mould,1
observed,1
observers,1
deject,1
suck'd,1
honey,1
bells,1
jangled,1
unmatch'd,1
affections,1
spake,1
lack'd,1
brood,1
hatch,1
disclose,1
determination,1
seas,1
countries,1
different,1
objects,1
something-settled,1
commencement,1
sprung,1
conference,1
unwatch'd,1
trippingly,1
lief,1
town-crier,1
gently,1
torrent,1
tempest,1
whirlwind,1
acquire,1
beget,1
temperance,1
smoothness,1
offends,1
robustious,1
periwig-pated,1
tatters,1
rags,1
split,1
groundlings,1
inexplicable,1
dumbshows,1
whipped,1
o'erdoing,1
termagant,1
out-herods,1
herod,1
tutor,1
o'erstep,1
scorn,1
pressure,1
unskilful,1
judicious,1
o'erweigh,1
theatre,1
highly,1
profanely,1
christians,1
pagan,1
strutted,1
bellowed,1
journeymen,1
imitated,1
humanity,1
abominably,1
reformed,1
indifferently,1
reform,1
altogether,1
barren,1
spectators,1
considered,1
villanous,1
pitiful,1
hasten,1
e'er,1
conversation,1
coped,1
flatter,1
revenue,1
clothe,1
flatter'd,1
candied,1
lick,1
pomp,1
crook,1
hinges,1
knee,1
fawning,1
distinguish,1
suffering,1
buffets,1
blest,1
commingled,1
finger,1
passion's,1
heart's,1
core,1
thee.--something,1
seest,1
afoot,1
comment,1
occulted,1
unkennel,1
imaginations,1
vulcan's,1
stithy,1
heedful,1
rivet,1
steal,1
detecting,1
theft,1
chameleon's,1
dish,1
promise-crammed,1
capons,1
university,1
accounted,1
capitol,1
brutus,1
brute,1
calf,1
metal,1
attractive,1
ophelia's,1
legs,1
jig-maker,1
ago,1
forgotten,1
outlive,1
build,1
churches,1
hautboys,1
dumb-show,1
enters,1
lovingly,1
embracing,1
protestation,1
declines,1
lays,1
bank,1
carried,1
wooes,1
loath,1
unwilling,1
accepts,1
miching,1
mallecho,1
mischief,1
they'll,1
ashamed,1
he'll,1
stooping,1
clemency,1
patiently,1
posy,1
woman's,1
phoebus,1
cart,1
tellus,1
orbed,1
moons,1
borrow'd,1
sheen,1
thirties,1
hymen,1
unite,1
commutual,1
sacred,1
bands,1
journeys,1
discomfort,1
women's,1
sized,1
littlest,1
doubts,1
operant,1
functions,1
beloved,1
breast,1
accurst,1
instances,1
respects,1
determine,1
validity,1
unripe,1
sticks,1
tree,1
unshaken,1
mellow,1
debt,1
ending,1
enactures,1
revels,1
grieves,1
slender,1
aye,1
favourite,1
flies,1
advanced,1
hollow,1
seasons,1
orderly,1
wills,1
contrary,1
devices,1
overthrown,1
repose,1
anchor's,1
opposite,1
blanks,1
strife,1
widow,1
deeply,1
rock,1
protests,1
mouse-trap,1
tropically,1
vienna,1
duke's,1
baptista,1
touches,1
jade,1
wince,1
withers,1
unwrung,1
nephew,1
chorus,1
interpret,1
puppets,1
dallying,1
groaning,1
husbands,1
pox,1
damnable,1
croaking,1
raven,1
bellow,1
drugs,1
agreeing,1
confederate,1
mixture,1
midnight,1
hecate's,1
ban,1
infected,1
magic,1
dire,1
usurp,1
immediately,1
sleeper's,1
poisons,1
name's,1
extant,1
italian,1
gets,1
gonzago's,1
rises,1
frighted,1
stricken,1
deer,1
hart,1
ungalled,1
forest,1
feathers,1
turk,1
me--with,1
provincial,1
roses,1
razed,1
share,1
damon,1
realm,1
dismantled,1
reigns,1
very--pajock,1
rhymed,1
ghost's,1
pound,1
perceive,1
poisoning,1
perdy,1
retirement,1
distempered,1
doctor,1
purgation,1
plunge,1
pronounce,1
courtesy,1
wit's,1
diseased,1
astonish,1
sequel,1
pickers,1
stealers,1
surely,1
bar,1
griefs,1
grass,1
"grows,'--the",1
proverb,1
musty,1
you:--why,1
toil,1
unmannerly,1
govern,1
ventages,1
lingers,1
thumb,1
eloquent,1
utterance,1
harmony,1
mystery,1
lowest,1
compass,1
easier,1
fret,1
cloud,1
backed,1
easily,1
witching,1
churchyards,1
yawn,1
breathes,1
quake,1
nero,1
firm,1
hypocrites,1
soever,1
shent,1
seals,1
range,1
forthwith,1
endure,1
hazard,1
hourly,1
lunacies,1
provide,1
religious,1
peculiar,1
noyance,1
weal,1
depend,1
gulf,1
massy,1
highest,1
huge,1
lesser,1
mortised,1
adjoin'd,1
small,1
annexment,1
attends,1
boisterous,1
ruin,1
groan,1
speedy,1
free-footed,1
convey,1
tax,1
partial,1
o'erhear,1
smells,1
primal,1
eldest,1
curse,1
sharp,1
defeats,1
neglect,1
thicker,1
rain,1
confront,1
two-fold,1
forestalled,1
possess'd,1
retain,1
corrupted,1
offence's,1
gilded,1
shove,1
justice,1
prize,1
buys,1
compell'd,1
evidence,1
rests,1
repentance,1
limed,1
struggling,1
engaged,1
stubborn,1
strings,1
newborn,1
babe,1
retires,1
pat,1
praying,1
scann'd,1
sole,1
hire,1
salary,1
grossly,1
bread,1
flush,1
audit,1
season'd,1
hent,1
drunk,1
trip,1
kick,1
stays,1
physic,1
prolongs,1
rising,1
queen's,1
pranks,1
screen'd,1
hides,1
rood,1
and--would,1
so!--you,1
budge,1
inmost,1
drawing,1
ducat,1
lifts,1
array,1
discovers,1
intruding,1
find'st,1
busy,1
wringing,1
wring,1
penetrable,1
brass'd,1
bulwark,1
darest,1
blurs,1
hypocrite,1
innocent,1
blister,1
marriage-vows,1
dicers,1
oaths,1
contraction,1
religion,1
rhapsody,1
heaven's,1
glow,1
solidity,1
compound,1
tristful,1
doom,1
thought-sick,1
roars,1
thunders,1
index,1
counterfeit,1
presentment,1
seated,1
hyperion's,1
curls,1
front,1
mars,1
threaten,1
herald,1
mercury,1
new-lighted,1
heaven-kissing,1
combination,1
mildew'd,1
blasting,1
batten,1
moor,1
hey-day,1
humble,1
waits,1
apoplex'd,1
err,1
thrall'd,1
reserved,1
cozen'd,1
hoodman-blind,1
smelling,1
sans,1
mope,1
mutine,1
matron's,1
compulsive,1
ardour,1
frost,1
actively,1
panders,1
turn'st,1
grained,1
spots,1
tinct,1
enseamed,1
stew'd,1
honeying,1
nasty,1
sty,1
twentieth,1
tithe,1
cutpurse,1
rule,1
shelf,1
pocket,1
shreds,1
patches,1
hover,1
guards,1
chide,1
lapsed,1
important,1
acting,1
whet,1
blunted,1
weakest,1
strongest,1
works,1
vacancy,1
incorporal,1
bedded,1
excrements,1
starts,1
sprinkle,1
cool,1
glares,1
conjoin'd,1
preaching,1
stones,1
stern,1
steals,1
portal,1
coinage,1
bodiless,1
creation,1
pulse,1
temperately,1
healthful,1
utter'd,1
test,1
re-word,1
gambol,1
mattering,1
trespass,1
skin,1
film,1
ulcerous,1
mining,1
infects,1
compost,1
fatness,1
pursy,1
curb,1
woo,1
cleft,1
worser,1
purer,1
uncle's,1
monster,1
habits,1
likewise,1
frock,1
aptly,1
refrain,1
abstinence,1
potency,1
desirous,1
bless'd,1
punish,1
minister,1
bloat,1
pinch,1
reechy,1
paddling,1
ravel,1
essentially,1
sober,1
paddock,1
bat,1
gib,1
concernings,1
despite,1
unpeg,1
house's,1
birds,1
famous,1
conclusions,1
creep,1
concluded,1
schoolfellows,1
adders,1
fang'd,1
mandate,1
marshal,1
knavery,1
engineer,1
hoist,1
petard,1
delve,1
yard,1
mines,1
crafts,1
packing,1
lug,1
neighbour,1
counsellor,1
prating,1
severally,1
dragging,1
sighs,1
heaves,1
contend,1
mightier,1
brainish,1
threats,1
answer'd,1
restrain'd,1
haunt,1
owner,1
disease,1
divulging,1
ore,1
among,1
mineral,1
metals,1
weeps,1
excuse,1
aid,1
dragg'd,1
untimely,1
discord,1
dismay,1
stowed,1
compounded,1
besides,1
demanded,1
replication,1
soaks,1
authorities,1
corner,1
jaw,1
mouthed,1
swallowed,1
gleaned,1
squeezing,1
fox,1
multitude,1
offender's,1
deliberate,1
diseases,1
appliance,1
befall'n,1
bestow'd,1
guarded,1
eaten,1
convocation,1
politic,1
worms,1
emperor,1
lean,1
dishes,1
progress,1
stairs,1
especial,1
"done,--must",1
quickness,1
bark,1
associates,1
knew'st,1
cherub,1
sees,1
leans,1
hold'st,1
thereof,1
cicatrice,1
raw,1
pays,1
homage,1
us--thou,1
mayst,1
congruing,1
hectic,1
rages,1
cure,1
howe'er,1
haps,1
marching,1
greet,1
licence,1
craves,1
conveyance,1
rendezvous,1
softly,1
commands,1
nephews,1
frontier,1
sold,1
garrison'd,1
debate,1
imposthume,1
wealth,1
occasions,1
spur,1
market,1
large,1
looking,1
capability,1
god-like,1
fust,1
unused,1
bestial,1
oblivion,1
craven,1
scruple,1
precisely,1
quarter'd,1
thing's,1
examples,1
exhort,1
army,1
led,1
divine,1
mouths,1
invisible,1
exposing,1
unsure,1
egg-shell,1
rightly,1
greatly,1
honour's,1
stake,1
stain'd,1
excitements,1
beds,1
plot,1
tomb,1
importunate,1
distract,1
mood,1
pitied,1
hems,1
beats,1
enviously,1
straws,1
unshaped,1
aim,1
botch,1
winks,1
nods,1
gestures,1
unhappily,1
strew,1
conjectures,1
ill-breeding,1
sin's,1
artless,1
spills,1
fearing,1
spilt,1
beauteous,1
cockle,1
staff,1
sandal,1
shoon,1
song,1
grass-green,1
turf,1
shroud,1
bewept,1
true-love,1
showers,1
ild,1
owl,1
baker's,1
valentine's,1
betime,1
window,1
valentine,1
donn'd,1
dupp'd,1
chamber-door,1
departed,1
la,1
gis,1
charity,1
quoth,1
tumbled,1
coach,1
springs,1
sorrows,1
spies,1
battalions,1
people,1
muddied,1
unwholesome,1
whispers,1
greenly,1
hugger-mugger,1
inter,1
divided,1
pictures,1
containing,1
feeds,1
buzzers,1
infect,1
speeches,1
necessity,1
beggar'd,1
arraign,1
murdering-piece,1
places,1
superfluous,1
switzers,1
ocean,1
overpeering,1
flats,1
impetuous,1
riotous,1
o'erbears,1
rabble,1
antiquity,1
ratifiers,1
props,1
caps,1
applaud,1
counter,1
dogs,1
retire,1
calmly,1
drop,1
bastard,1
cuckold,1
brands,1
harlot,1
unsmirched,1
rebellion,1
giant-like,1
hedge,1
fill,1
juggled,1
allegiance,1
blackest,1
profoundest,1
damnation,1
worlds,1
negligence,1
thoroughly,1
certainty,1
swoopstake,1
winner,1
loser,1
ope,1
life-rendering,1
pelican,1
repast,1
guiltless,1
level,1
pierce,1
seven,1
paid,1
weight,1
beam,1
maid's,1
moral,1
instance,1
barefaced,1
bier,1
non,1
rain'd,1
persuade,1
a-down-a,1
steward,1
master's,1
nothing's,1
rosemary,1
pansies,1
document,1
fitted,1
fennel,1
columbines,1
herb-grace,1
sundays,1
daisy,1
withered,1
bonny,1
robin,1
turns,1
prettiness,1
death-bed,1
flaxen,1
poll,1
moan,1
commune,1
collateral,1
touch'd,1
satisfaction,1
jointly,1
due,1
obscure,1
trophy,1
hatchment,1
rite,1
formal,1
ostentation,1
call't,1
vi,1
greeted,1
an't,1
letter,1
overlooked,1
pirate,1
appointment,1
chase,1
compelled,1
valour,1
boarded,1
clear,1
became,1
dealt,1
thieves,1
knowest,1
speedier,1
vii,1
acquaintance,1
pursued,1
proceeded,1
feats,1
crimeful,1
mainly,1
stirr'd,1
unsinew'd,1
conjunctive,1
sphere,1
public,1
gender,1
dipping,1
turneth,1
wood,1
gyves,1
timber'd,1
reverted,1
aim'd,1
driven,1
praises,1
challenger,1
perfections,1
shook,1
imagine,1
claudio,1
kingly,1
thereunto,1
recount,1
abuse,1
hamlets,1
postscript,1
advise,1
warms,1
didest,1
o'errule,1
checking,1
exploit,1
ripe,1
device,1
uncharge,1
devise,1
shine,1
unworthiest,1
siege,1
riband,1
careless,1
settled,1
graveness,1
normandy,1
horseback,1
gallant,1
grew,1
doing,1
incorpsed,1
demi-natured,1
topp'd,1
forgery,1
lamond,1
brooch,1
gem,1
masterly,1
twould,1
match,1
scrimers,1
swore,1
envenom,1
painting,1
passages,1
qualifies,1
spark,1
wick,1
snuff,1
abate,1
growing,1
plurisy,1
changes,1
abatements,1
delays,1
accidents,1
spendthrift,1
hurts,1
easing,1
ulcer,1
sanctuarize,1
bounds,1
varnish,1
frenchman,1
heads,1
remiss,1
contriving,1
peruse,1
anoint,1
bought,1
mountebank,1
dip,1
knife,1
cataplasm,1
rare,1
simples,1
scratch'd,1
convenience,1
fail,1
performance,1
assay'd,1
project,1
cunnings,1
bouts,1
prepared,1
chalice,1
nonce,1
sipping,1
venom'd,1
stuck,1
tread,1
another's,1
sister's,1
willow,1
aslant,1
hoar,1
glassy,1
stream,1
fantastic,1
garlands,1
crow-flowers,1
nettles,1
daisies,1
purples,1
shepherds,1
grosser,1
pendent,1
boughs,1
coronet,1
clambering,1
envious,1
sliver,1
weedy,1
trophies,1
weeping,1
mermaid-like,1
chanted,1
snatches,1
tunes,1
incapable,1
distress,1
indued,1
element,1
garments,1
pull'd,1
melodious,1
muddy,1
blaze,1
folly,1
douts,1
churchyard,1
spades,1
wilfully,1
crowner,1
se,1
offendendo,1
argues,1
branches,1
perform,1
goodman,1
delver,1
nill,1
"goes,--mark",1
drowns,1
shortens,1
crowner's,1
quest,1
gentlewoman,1
folk,1
ancient,1
gardeners,1
ditchers,1
grave-makers,1
adam's,1
profession,1
heathen,1
adam,1
digged,1
answerest,1
gallows-maker,1
outlives,1
tenants,1
built,1
unyoke,1
distance,1
cudgel,1
mend,1
asked,1
houses,1
yaughan,1
stoup,1
digs,1
contract,1
behove,1
grave-making,1
daintier,1
stealing,1
steps,1
claw'd,1
clutch,1
shipped,1
intil,1
jowls,1
cain's,1
jaw-bone,1
politician,1
o'er-reaches,1
circumvent,1
morrow,1
such-a-one,1
such-a-one's,1
worm's,1
chapless,1
knocked,1
mazzard,1
sexton's,1
revolution,1
see't,1
breeding,1
loggats,1
ache,1
pick-axe,1
shrouding,1
sheet,1
lawyer,1
quiddities,1
quillets,1
cases,1
tenures,1
knock,1
dirty,1
shovel,1
battery,1
hum,1
buyer,1
statutes,1
recognizances,1
recovery,1
vouch,1
purchases,1
breadth,1
indentures,1
conveyances,1
hardly,1
box,1
inheritor,1
parchment,1
sheepskins,1
calf-skins,1
sheep,1
calves,1
grave's,1
sirrah,1
equivocation,1
undo,1
gaffs,1
kibe,1
overcame,1
because,1
losing,1
sexton,1
rot,1
die--as,1
pocky,1
corses,1
now-a-days,1
in--he,1
eight,1
tanner,1
tanned,1
decayer,1
lain,1
fellow's,1
pestilence,1
poured,1
flagon,1
yorick's,1
jester,1
yorick,1
abhorred,1
gorge,1
rims,1
hung,1
kissed,1
gibes,1
gambols,1
flashes,1
merriment,1
grinning,1
chap-fallen,1
lady's,1
paint,1
inch,1
looked,1
smelt,1
pah,1
stopping,1
bung-hole,1
curiously,1
likelihood,1
returneth,1
converted,1
beer-barrel,1
imperious,1
hole,1
wall,1
winter,1
flaw,1
procession,1
corpse,1
mourners,1
courtiers,1
maimed,1
betoken,1
fordo,1
retiring,1
obsequies,1
enlarged,1
warrantise,1
o'ersways,1
unsanctified,1
lodged,1
shards,1
flints,1
pebbles,1
virgin,1
crants,1
strewments,1
bringing,1
profane,1
requiem,1
peace-parted,1
unpolluted,1
churlish,1
ministering,1
howling,1
sweets,1
scattering,1
hoped,1
bride-bed,1
deck'd,1
strew'd,1
ingenious,1
deprived,1
pile,1
o'ertop,1
pelion,1
skyish,1
blue,1
olympus,1
advancing,1
emphasis,1
conjures,1
wandering,1
wonder-wounded,1
grappling,1
pray'st,1
splenitive,1
wiseness,1
asunder,1
until,1
eyelids,1
forbear,1
eisel,1
crocodile,1
whine,1
outface,1
leaping,1
prate,1
millions,1
acres,1
singeing,1
zone,1
ossa,1
wart,1
rant,1
female,1
couplets,1
drooping,1
cat,1
mew,1
strengthen,1
night's,1
push,1
monument,1
proceeding,1
mutines,1
bilboes,1
rashly,1
rashness,1
indiscretion,1
pall,1
rough-hew,1
cabin,1
sea-gown,1
scarf'd,1
dark,1
groped,1
finger'd,1
packet,1
withdrew,1
forgetting,1
unseal,1
grand,1
knavery!--an,1
exact,1
several,1
sorts,1
england's,1
bugs,1
goblins,1
supervise,1
bated,1
grinding,1
be-netted,1
villanies,1
play--i,1
devised,1
statists,1
baseness,1
write,1
labour'd,1
learning,1
yeoman's,1
earnest,1
conjuration,1
tributary,1
stiff,1
wheaten,1
garland,1
comma,1
tween,1
amities,1
such-like,1
as'es,1
contents,1
debatement,1
shriving-time,1
ordinant,1
signet,1
model,1
folded,1
subscribed,1
gave't,1
impression,1
changeling,1
sea-fight,1
sequent,1
insinuation,1
points,1
opposites,1
think'st,1
whored,1
popp'd,1
hopes,1
angle,1
cozenage--is't,1
perfect,1
interim,1
life's,1
portraiture,1
bravery,1
towering,1
water-fly,1
fertile,1
crib,1
mess,1
chough,1
spacious,1
possession,1
diligence,1
bonnet,1
northerly,1
sultry,1
exceedingly,1
"sultry,--as",1
"twere,--i",1
bade,1
newly,1
differences,1
society,1
showing,1
feelingly,1
calendar,1
definement,1
perdition,1
inventorially,1
dizzy,1
arithmetic,1
yaw,1
verity,1
extolment,1
infusion,1
dearth,1
rareness,1
diction,1
semblable,1
umbrage,1
infallibly,1
concernancy,1
wrap,1
rawer,1
really,1
nomination,1
empty,1
spent,1
compare,1
imputation,1
meed,1
unfellowed,1
dagger,1
weapons,1
wagered,1
poniards,1
girdle,1
responsive,1
hilts,1
edified,1
margent,1
german,1
swords,1
liberal-conceited,1
bet,1
passes,1
exceed,1
lapwing,1
dug,1
sucked,1
he--and,1
bevy,1
dressy,1
dotes,1
on--only,1
yesty,1
carries,1
winnowed,1
bubbles,1
commended,1
brings,1
attend,1
constant,1
fitness,1
whensoever,1
provided,1
able,1
instructs,1
continual,1
foolery,1
gain-giving,1
dislike,1
forestall,1
whit,1
defy,1
augury,1
sparrow,1
readiness,1
betimes,1
pardon't,1
punish'd,1
exception,1
denies,1
faction,1
disclaiming,1
arrow,1
satisfied,1
case,1
reconcilement,1
elder,1
ungored,1
offer'd,1
darkest,1
weaker,1
better'd,1
wine,1
battlements,1
successive,1
worn,1
cups,1
kettle,1
cannoneer,1
cannons,1
dunks,1
judges,1
palpable,1
pearl,1
bout,1
scant,1
napkin,1
brows,1
carouses,1
think't,1
dally,1
afeard,1
scuffling,1
woodcock,1
springe,1
"drink,--o",1
villany,1
medicine,1
envenom'd,1
point!--envenom'd,1
stabs,1
murderous,1
potion,1
temper'd,1
forgiveness,1
time--as,1
sergeant,1
arrest--o,1
livest,1
aright,1
unsatisfied,1
thou'rt,1
have't,1
wounded,1
standing,1
absent,1
felicity,1
pain,1
afar,1
conquest,1
volley,1
o'er-crows,1
dying,1
occurrents,1
solicited,1
cracks,1
flights,1
drum,1
english,1
search,1
quarry,1
havoc,1
cell,1
princes,1
bloodily,1
affairs,1
fulfill'd,1
ability,1
arrived,1
unknowing,1
carnal,1
accidental,1
casual,1
slaughters,1
deaths,1
upshot,1
mistook,1
inventors,1
noblest,1
claim,1
invite,1
also,1
errors,1
happen,1
captains,1
royally,1
loudly,1
field,1
shoot,1
bearing,1
peal,1
